Location,Price,Bedrooms,Bathrooms
St. John's,"$349,900.00",4,3.0
St. John's,"$239,000.00",3,3.0
St. John's,"$55,000.00",2,1.0
St. John's,"$59,900.00",4,1.0
St. John's,"$49,999.00",2,1.0
St. John's,"$94,500.00",3,2.0
St. John's,"$335,000.00",4,5.0
St. John's,"$253,000.00",4,2.0
St. John's,"$234,900.00",2,2.0
St. John's,"$249,900.00",2,2.0
St. John's,"$829,000.00",3,3.0
St. John's,"$254,900.00",3,2.0
St. John's,"$299,500.00",4,4.0
St. John's,"$374,900.00",2,2.0
St. John's,"$269,900.00",3,2.0
St. John's,"$325,000.00",4,4.0
St. John's,"$279,900.00",4,3.0
St. John's,"$89,900.00",3,1.0
St. John's,"$230,000.00",2,2.0
St. John's,"$129,900.00",0,0.0
St. John's,"$339,900.00",0,0.0
St. John's,"$275,900.00",0,0.0
St. John's,"$267,900.00",0,0.0
St. John's,"$267,900.00",0,0.0
St. John's,"$299,900.00",0,0.0
St. John's,"$299,900.00",0,0.0
St. John's,"$259,900.00",0,0.0
St. John's,"$259,900.00",0,0.0
St. John's,"$79,900.00",0,0.0
Mount Pearl,"$415,000.00",0,0.0
Bay Roberts,"$124,900.00",0,0.0
St. John's,"$319,900.00",0,0.0
St. John's,"$79,900.00",0,0.0
St. John's,"$55,000.00",0,0.0
St. John's,"$459,900.00",0,0.0
St. John's,"$409,900.00",0,0.0
St. John's,"$115,000.00",0,0.0
St. John's,"$325,000.00",0,0.0
St. John's,"$899,900.00",0,0.0
St. John's,"$539,750.00",0,0.0
St. John's,"$409,900.00",5,3.0
St. John's,"$269,900.00",3,3.0
St. John's,"$249,900.00",3,1.0
St. John's,"$119,900.00",2,1.0
St. John's,"$289,900.00",4,2.0
St. John's,"$329,900.00",4,2.0
St. John's,"$159,900.00",3,2.0
St. John's,"$945,000.00",7,4.0
St. John's,"$399,900.00",2,2.0
St. John's,"$379,900.00",4,2.5
St. John's,"$225,000.00",3,1.0
St. John's,"$174,900.00",3,2.0
St. John's,"$399,900.00",3,3.0
St. John's,"$269,900.00",4,2.0
St. John's,"$350,000.00",5,3.0
St. John's,"$319,900.00",3,3.0
St. John's,"$738,600.00",3,3.0
St. John's,"$295,000.00",3,2.0
St. John's,"$245,000.00",3,2.0
St. John's,"$184,000.00",0,0.0
St. John's,"$89,999.00",0,0.0
St. John's,"$329,900.00",0,0.0
Mount Pearl,"$369,900.00",0,0.0
St. John's,"$569,900.00",0,0.0
St. John's,"$280,000.00",0,0.0
Holyrood,"$299,900.00",0,0.0
St. John's,"$339,900.00",0,0.0
St. Johns,"$439,900.00",0,0.0
St. John's,"$694,900.00",0,0.0
St. John's,"$262,000.00",0,0.0
St. John's,"$274,900.00",0,0.0
St. John's,"$389,900.00",0,0.0
St. John's,"$175,900.00",0,0.0
St. John's,"$329,900.00",0,0.0
St. John's,"$384,900.00",0,0.0
St. John's,"$359,900.00",0,0.0
St. John's,"$105,000.00",0,0.0
St. John's,"$599,900.00",0,0.0
St. John's,"$175,000.00",0,0.0
St. John's,"$404,900.00",0,0.0
St. John's,"$319,900.00",3,4.0
St. John's,"$190,000.00",3,2.0
St. John's,"$239,500.00",3,3.0
St. John's,"$179,900.00",7,2.0
St. John's,"$319,900.00",4,3.0
St. John's,"$297,500.00",3,2.0
St. John's,"$348,900.00",3,2.0
St. John's,"$279,900.00",4,2.0
St. John's,"$299,000.00",3,2.0
St. John's,"$624,500.00",5,4.0
St. John's,"$99,900.00",2,1.0
St. John's,"$199,500.00",3,3.0
St. John's,"$474,900.00",3,3.0
St. John's,"$274,900.00",3,2.0
St. John's,"$155,000.00",2,1.0
St. John's,"$49,900.00",4,1.0
St. John's,"$189,900.00",3,1.0
St. John's,"$257,500.00",5,2.0
St. John's,"$319,900.00",3,3.0
St. John's,"$279,900.00",0,0.0
St. John's,"$174,900.00",0,0.0
St. John's,"$244,900.00",0,0.0
St. John's,"$204,900.00",0,0.0
St. John's,"$149,900.00",0,0.0
St. John's,"$506,000.00",0,0.0
St. John's,"$464,000.00",0,0.0
St. John's,"$379,900.00",0,0.0
St. John's,"$149,900.00",0,0.0
St. John's,"$199,900.00",0,0.0
St. John's,"$99,999.00",0,0.0
St. John's,"$239,900.00",0,0.0
St. John's,"$418,000.00",0,0.0
St. John's,"$229,900.00",0,0.0
St. John's,"$255,000.00",0,0.0
St. John's,"$250,000.00",0,0.0
St. John's,"$359,900.00",0,0.0
St. John's,"$255,000.00",0,0.0
St. John's,"$209,900.00",0,0.0
St. John's,"$269,900.00",0,0.0
St. John's,"$249,900.00",0,0.0
St. John's,"$194,900.00",4,2.0
St. John's,"$459,900.00",3,4.0
St. John's,"$154,900.00",4,2.0
St. John's,"$359,900.00",2,2.0
St. John's,"$599,000.00",3,2.0
St. John's,"$249,000.00",2,2.0
St. John's,"$94,500.00",4,1.0
St. John's,"$189,900.00",3,1.0
St. John's,"$229,900.00",3,2.0
St. John's,"$250,000.00",3,2.0
St. John's,"$140,000.00",3,2.0
St. John's,"$359,900.00",2,2.0
St. John's,"$379,000.00",4,3.0
St. John's,"$229,000.00",3,2.0
St. John's,"$64,900.00",1,1.0
St. John's,"$149,900.00",4,1.0
St. John's,"$149,900.00",2,1.0
St. John's,"$424,900.00",2,2.0
St. John's,"$369,900.00",7,5.0
St. John's,"$199,900.00",0,0.0
St. John's,"$299,999.00",0,0.0
St. John's,"$257,700.00",0,0.0
St. John's,"$179,900.00",0,0.0
St. John's,"$275,000.00",0,0.0
St. John's,"$449,000.00",0,0.0
St. John's,"$169,900.00",0,0.0
St. John's,"$599,900.00",0,0.0
St. John's,"$309,900.00",0,0.0
St. John's,"$499,900.00",0,0.0
St. John's,"$269,900.00",0,0.0
St. John's,"$275,000.00",0,0.0
St. John's,"$179,000.00",0,0.0
St. John's,"$739,000.00",0,0.0
St. John's,"$319,000.00",0,0.0
St. John's,"$170,000.00",0,0.0
St. John's,"$329,000.00",0,0.0
St. John's,"$289,900.00",0,0.0
St. John's,"$369,000.00",0,0.0
St. John's,"$270,000.00",0,0.0
St. John's,"$172,000.00",0,0.0
St. John's,"$99,000.00",3,1.0
St. John's,"$429,900.00",3,3.0
St. John's,"$149,900.00",2,2.0
St. John's,"$69,900.00",3,1.0
St. John's,"$349,900.00",3,2.0
Harbour Grace,"$147,700.00",2,1.0
St. John's,"$324,900.00",3,2.0
St. John's,"$104,500.00",2,1.0
St. John's,"$79,900.00",2,1.0
St. John's,"$349,900.00",3,1.0
St. John's,"$269,900.00",7,2.0
St. John's,"$249,900.00",3,2.0
St. John's,"$124,900.00",3,1.0
St. John's,"$254,900.00",7,2.0
St. John's,"$265,000.00",3,2.0
St. John's,"$379,000.00",4,3.0
St. John's,"$474,900.00",4,2.0
St. John's,"$119,900.00",3,1.0
St. John's,"$69,900.00",4,1.0
St. John's,"$220,000.00",0,0.0
St. John's,"$140,000.00",0,0.0
St. John's,"$419,000.00",0,0.0
St. John's,"$279,900.00",0,0.0
St. John's,"$319,000.00",0,0.0
St. John's,"$164,900.00",0,0.0
St. John's,"$359,900.00",0,0.0
St. John's,"$649,000.00",0,0.0
St. John's,"$399,900.00",0,0.0
St. John's,"$229,000.00",0,0.0
St. John's,"$39,900.00",0,0.0
St. John's,"$119,900.00",0,0.0
St. John's,"$419,000.00",0,0.0
St. John's,"$69,000.00",0,0.0
St. John's,"$199,500.00",0,0.0
St. John's,"$129,000.00",0,0.0
St. John's,"$249,000.00",0,0.0
St. John's,"$169,000.00",0,0.0
St. John's,"$209,900.00",0,0.0
St. John's,"$459,000.00",0,0.0
St. John's,"$299,000.00",0,0.0
St. John's,"$115,000.00",2,1.0
St. John's,"$175,000.00",2,1.0
St. John's,"$185,000.00",5,2.5
St. John's,Please Contact,3,1.0
St. John's,"$189,000.00",2,1.0
St. John's,"$169,000.00",7,2.0
St. John's,"$115,900.00",4,2.0
St. John's,"$170,000.00",4,1.0
St. John's,"$329,000.00",3,2.0
St. John's,"$605,596.00",3,3.0
St. John's,"$59,900.00",2,1.0
Spaniards Bay,"$379,900.00",4,4.0
St. John's,"$2,900,000.00",4,7.0
St. John's,"$64,500.00",2,1.0
St. John's,"$1,100,000.00",4,4.0
St. John's,"$124,900.00",2,2.0
St. John's,"$229,000.00",2,2.0
St. John's,"$279,900.00",4,2.0
St. John's,"$289,900.00",4,2.0
St. John's,"$29,900.00",0,0.0
St. John's,"$469,000.00",0,0.0
St. John's,"$279,900.00",0,0.0
St. John's,"$85,900.00",0,0.0
St. John's,"$169,900.00",0,0.0
St. John's,"$169,000.00",0,0.0
St. John's,"$299,900.00",0,0.0
St. John's,"$129,900.00",0,0.0
St. John's,"$329,000.00",0,0.0
St. John's,"$329,000.00",0,0.0
St. John's,"$159,900.00",0,0.0
St. John's,"$289,900.00",0,0.0
St. John's,"$95,000.00",0,0.0
St. John's,"$299,000.00",0,0.0
St. John's,"$67,900.00",0,0.0
St. John's,"$529,750.00",0,0.0
St. John's,"$329,900.00",0,0.0
St. John's,"$359,900.00",0,0.0
St. John's,"$309,900.00",0,0.0
St. John's,"$479,900.00",0,0.0
St. John's,"$218,000.00",0,0.0
St. John's,"$349,900.00",2,2.0
St. John's,"$409,500.00",3,3.0
St. John's,"$945,000.00",7,4.0
St. John's,"$899,900.00",4,5.0
St. John's,"$699,900.00",3,2.5
St. John's,"$689,000.00",5,3.0
St. John's,"$547,900.00",7,3.5
St. John's,"$474,900.00",3,2.5
St. John's,"$349,900.00",4,4.0
St. John's,"$329,900.00",4,1.5
St. John's,"$299,900.00",7,3.0
St. John's,"$259,900.00",3,1.0
St. John's,"$169,000.00",3,1.0
St. John's,"$155,000.00",4,2.0
St. John's,"$179,000.00",5,2.5
St. John's,"$99,900.00",3,1.5
St. John's,"$899,900.00",3,2.0
St. John's,"$299,900.00",3,2.0
St. John's,"$309,900.00",3,3.0
St. John's,"$209,900.00",0,0.0
St. John's,"$249,000.00",0,0.0
St. John's,"$329,900.00",0,0.0
St. John's,"$1,090,000.00",0,0.0
St. John's,"$265,000.00",0,0.0
St. John's,"$169,000.00",0,0.0
St. John's,"$269,900.00",0,0.0
St. John's,"$358,000.00",0,0.0
St. John's,"$124,900.00",0,0.0
St. John's,"$265,000.00",0,0.0
St. John's,"$249,900.00",0,0.0
St. John's,"$769,900.00",0,0.0
St. John's,"$289,900.00",0,0.0
St. John's,"$189,900.00",0,0.0
St. John's,"$289,900.00",0,0.0
St. John's,"$109,900.00",0,0.0
St. John's,"$1,660,000.00",0,0.0
St. John's,"$600,000.00",0,0.0
St. John's,"$210,000.00",0,0.0
St. John's,"$361,000.00",0,0.0
St. John's,"$364,900.00",0,0.0
St. John's,"$245,000.00",4,2.0
St. John's,"$429,000.00",5,3.0
St. John's,"$349,900.00",4,3.0
St. John's,"$259,500.00",3,2.0
St. John's,"$149,000.00",3,1.0
St. John's,"$75,000.00",2,1.0
St. John's,"$139,000.00",3,2.0
St. John's,"$120,000.00",5,2.0
St. John's,"$319,000.00",3,3.0
St. John's,"$105,000.00",2,1.0
St. John's,"$349,900.00",3,2.0
St. John's,"$699,900.00",3,3.0
St. John's,"$349,900.00",3,2.0
St. John's,"$69,000.00",2,2.0
St. John's,"$350,000.00",3,2.0
St. John's,"$84,900.00",4,2.0
St. John's,"$293,000.00",5,2.0
St. John's,"$60,000.00",3,1.0
St. John's,"$465,000.00",3,4.0
St. John's,"$259,900.00",0,0.0
St. John's,"$259,900.00",0,0.0
St. John's,"$329,900.00",0,0.0
St. John's,"$94,500.00",0,0.0
St. John's,"$219,900.00",0,0.0
St. John's,"$349,900.00",0,0.0
St. John's,"$174,900.00",0,0.0
St. John's,"$549,000.00",0,0.0
St. John's,"$775,000.00",0,0.0
St. John's,"$950,000.00",0,0.0
St. John's,"$89,900.00",0,0.0
St. John's,"$229,500.00",0,0.0
St. John's,"$295,000.00",0,0.0
St. John's,"$99,900.00",0,0.0
St. John's,"$319,900.00",0,0.0
St. John's,"$529,900.00",0,0.0
St. John's,"$129,900.00",0,0.0
St. John's,"$204,900.00",0,0.0
St. John's,"$379,999.00",0,0.0
St. John's,"$249,900.00",0,0.0
St. John's,"$275,000.00",0,0.0
St. John's,"$344,900.00",3,3.0
St. John's,"$90,000.00",2,2.0
St. John's,"$179,000.00",2,1.0
St. John's,"$174,900.00",3,1.0
St. John's,"$529,900.00",3,3.0
St. John's,"$169,000.00",2,2.0
St. John's,"$174,500.00",7,3.0
St. John's,"$264,900.00",2,2.0
St. John's,"$219,900.00",2,1.0
St. John's,"$309,900.00",3,2.0
St. John's,"$309,000.00",3,2.0
St. John's,"$299,000.00",3,2.0
St. John's,"$289,000.00",3,2.0
St. John's,"$299,900.00",3,2.0
St. John's,"$199,900.00",2,1.0
St. John's,"$239,900.00",4,3.0
St. John's,"$299,000.00",3,2.0
St. John's,"$289,000.00",3,3.0
St. John's,"$219,900.00",2,1.0
St. John's,"$244,900.00",0,0.0
St. John's,"$899,900.00",0,0.0
St. John's,"$205,000.00",0,0.0
St. John's,"$94,900.00",0,0.0
St. John's,"$260,000.00",0,0.0
St. John's,"$419,900.00",0,0.0
St. John's,"$254,900.00",0,0.0
St. John's,"$450,000.00",0,0.0
St. John's,"$364,900.00",0,0.0
St. John's,"$194,900.00",0,0.0
St. John's,"$229,900.00",0,0.0
St. John's,"$119,900.00",0,0.0
St. John's,"$409,900.00",0,0.0
St. John's,"$495,000.00",0,0.0
St. John's,"$179,900.00",0,0.0
St. John's,"$79,800.00",0,0.0
St. John's,"$192,900.00",0,0.0
St. John's,"$359,900.00",0,0.0
St. John's,"$139,000.00",0,0.0
St. John's,"$79,900.00",0,0.0
St. John's,"$499,900.00",0,0.0
St. John's,"$349,900.00",3,3.0
St. John's,"$120,000.00",2,1.0
St. John's,"$129,500.00",7,2.0
St. John's,"$689,900.00",4,3.0
St. John's,"$169,900.00",3,1.0
St. John's,"$270,000.00",4,2.0
St. John's,"$169,000.00",3,2.0
St. John's,"$239,900.00",3,2.0
St. John's,"$629,900.00",5,5.0
St. John's,"$205,000.00",1,1.0
St. John's,"$219,900.00",4,3.0
St. John's,"$289,900.00",2,2.0
St. John's,"$198,000.00",4,2.0
St. John's,"$334,900.00",5,2.0
St. John's,"$579,900.00",4,3.0
St. John's,"$159,900.00",3,3.0
St. John's,"$94,500.00",3,2.0
St. John's,"$209,999.00",3,2.0
St. John's,"$429,900.00",4,4.0
St. John's,"$429,900.00",0,0.0
St. John's,"$99,900.00",0,0.0
St. John's,"$254,900.00",0,0.0
St. John's,"$239,900.00",0,0.0
St. John's,"$49,999.00",0,0.0
St. John's,"$348,000.00",0,0.0
St. John's,"$348,000.00",0,0.0
St. John's,"$154,900.00",0,0.0
St. John's,"$729,900.00",0,0.0
St. John's,"$224,900.00",0,0.0
St. John's,"$50,000.00",0,0.0
St. John's,"$249,000.00",0,0.0
St. John's,"$269,900.00",0,0.0
St. John's,"$275,000.00",0,0.0
St. John's,"$549,900.00",0,0.0
St. John's,"$134,500.00",0,0.0
St. John's,"$799,900.00",0,0.0
St. John's,"$189,900.00",0,0.0
St. John's,"$314,900.00",0,0.0
St. John's,"$605,000.00",0,0.0
St. John's,"$49,900.00",0,0.0
Ville de Montréal,"289 000,00 $",1 chambre et salon,1.5
Riviere-des-Prairies—Pointe-aux-Trembles,"689 000,00 $",4,2.0
Ville de Montréal,"5 104 971,00 $",3,3.0
Ville de Montréal,"1 616 367,00 $",3,3.0
Ville de Montréal,"1 590 174,00 $",3,3.0
Ville de Montréal,"375 000,00 $",1,1.0
Ville de Montréal,"1 675 303,00 $",3,3.0
Ville de Montréal,"624 000,00 $",2,1.0
Ville de Montréal,"1 675 303,00 $",3,3.0
Ville de Montréal,"2 595 000,00 $",3,1.0
Ville de Montréal,"399 000,00 $",2,1.0
Ville de Montréal,"969 000,00 $",2,2.0
Ville de Montréal,"242 000,00 $",1,1.0
Boisbriand,"179 900,00 $",Studio,1
Boisbriand,"799 000,00 $",4,3.0
Montréal,"1 249 000,00 $",3,1.0
Sainte-Marthe-sur-le-Lac,"319 000,00 $",2,1.0
Montréal,"659 900,00 $",5,2.0
Ville de Montréal,"1 950 000,00 $",6 chambres ou plus,6 ou plus
Ville de Montréal,"699 000,00 $",0,0
Ville de Montréal,"475 000,00 $",0,0
Ville de Montréal,"645 000,00 $",0,0
Ville de Montréal,"425 000,00 $",0,0
Ville de Montréal,"1 275 000,00 $",0,0
Ville de Montréal,"730 000,00 $",0,0
Ville de Montréal,"289 000,00 $",0,0
Ville de Montréal,"507 500,00 $",0,0
Ville de Montréal,"679 000,00 $",0,0
Ville de Montréal,"896 100,00 $",0,0
Ville de Montréal,"749 000,00 $",0,0
Ville de Montréal,"1 125 000,00 $",0,0
Ville de Montréal,"785 000,00 $",0,0
Ville de Montréal,"739 000,00 $",0,0
Ville de Montréal,"380 000,00 $",0,0
Ville de Montréal,"830 000,00 $",0,0
Ville de Montréal,"1 850 000,00 $",0,0
Ville de Montréal,"999 999,00 $",0,0
Ville de Montréal,"639 000,00 $",0,0
Ville de Montréal,"28 000,00 $",0,0
Ville de Montréal,"375 900,00 $",0,0
Ville de Montréal,"695 000,00 $",0,0
Ville de Montréal,"289 000,00 $",1 chambre et salon,1.5
Ville de Montréal,"1 750 000,00 $",6 chambres ou plus,3.5
Ville de Montréal,"399 000,00 $",1,1.0
Ville de Montréal,"782 692,00 $",2,2.0
Ville de Montréal,"1 043 618,00 $",3,2.0
Ville de Montréal,"713 112,00 $",3,2.0
Ville de Montréal,"549 000,00 $",2,2.0
Ville de Montréal,"1 550 000,00 $",6 chambres ou plus,5
Ville de Montréal,"1 170 000,00 $",6 chambres ou plus,3
Ville de Montréal,"499 995,00 $",1,1.0
Ville de Montréal,"649 000,00 $",5,3.0
Ville de Montréal,"800 000,00 $",3,1.5
Ville de Montréal,"1 249 000,00 $",6 chambres ou plus,5.5
Ville de Montréal,Sur demande,3,1.5
Ville de Montréal,Sur demande,3,1.5
Ville de Montréal,Sur demande,3,1.5
Ville de Montréal,"550 000,00 $",3,1.0
Ville de Montréal,Sur demande,3,1.0
Ville de Montréal,Sur demande,3,1.0
Ville de Montréal,"162 500,00 $",0,0
Ville de Montréal,"849 000,00 $",0,0
Ville de Montréal,"1 800 000,00 $",0,0
Ville de Montréal,"1 350 000,00 $",0,0
Ville de Montréal,"459 000,00 $",0,0
Ville de Montréal,"499 000,00 $",0,0
Ville de Montréal,"510 000,00 $",0,0
Ville de Montréal,"739 900,00 $",0,0
Ville de Montréal,"949 000,00 $",0,0
Ville de Montréal,"1 495 000,00 $",0,0
Ville de Montréal,"299 999,00 $",0,0
Ville de Montréal,"970 000,00 $",0,0
Ville de Montréal,"496 900,00 $",0,0
Ville de Montréal,"900 000,00 $",0,0
Ville de Montréal,"780 000,00 $",0,0
Ville de Montréal,"2 900 000,00 $",0,0
Ville de Montréal,Sur demande,0,0
Ville de Montréal,"800 000,00 $",0,0
Ville de Montréal,"845 000,00 $",0,0
Ville de Montréal,"874 000,00 $",0,0
Ville de Montréal,"1 800 000,00 $",0,0
Ville de Montréal,"1 695 000,00 $",0,0
Ville de Montréal,"289 000,00 $",1 chambre et salon,1.5
Ville de Montréal,Sur demande,2,1.0
Ville de Montréal,"1 975 000,00 $",4,2.5
Ville de Montréal,"729 000,00 $",3,1.0
Ville de Montréal,"439 000,00 $",3,1.5
Ville de Montréal,"1 850 000,00 $",4,4.0
Ville de Montréal,"599 000,00 $",3,2.0
Ville de Montréal,"779 000,00 $",4,2.0
Ville de Montréal,"879 000,00 $",3,1.0
Ville de Montréal,"968 000,00 $",3,1.5
Ville de Montréal,"845 000,00 $",4,2.0
Ville de Montréal,Sur demande,5,2.0
Ville de Montréal,"700 000,00 $",3,2.0
Ville de Montréal,"549 000,00 $",4,2.0
Ville de Montréal,"970 000,00 $",2,1.5
Ville de Montréal,"799 000,00 $",3,1.5
Ville de Montréal,"775 000,00 $",3,1.5
Ville de Montréal,"20 000,00 $",3,2.0
Ville de Montréal,"1 550,00 $",2 chambres et coin détente,1
Ville de Montréal,"349 900,00 $",0,0
Ville de Montréal,"1 495 000,00 $",0,0
Ville de Montréal,"889 000,00 $",0,0
Ville de Montréal,"638 000,00 $",0,0
Ville de Montréal,"1 388 000,00 $",0,0
Ville de Montréal,"825 000,00 $",0,0
Ville de Montréal,"680 000,00 $",0,0
Ville de Montréal,"1 625 000,00 $",0,0
Ville de Montréal,"888 000,00 $",0,0
Ville de Montréal,"1 700 000,00 $",0,0
Ville de Montréal,"1 575 000,00 $",0,0
Ville de Montréal,"450 000,00 $",0,0
Ville de Montréal,"145 000,00 $",0,0
Ville de Montréal,Sur demande,0,0
Ville de Montréal,"250 000,00 $",0,0
Ville de Montréal,"1 100 000,00 $",0,0
Ville de Montréal,"599 000,00 $",0,0
Ville de Montréal,"990 000,00 $",0,0
Ville de Montréal,"1 195 000,00 $",0,0
Ville de Montréal,"1 349 000,00 $",0,0
Ville de Montréal,"950 000,00 $",0,0
Ville de Montréal,"668 000,00 $",0,0
Ville de Montréal,"289 000,00 $",1 chambre et salon,1.5
Ville de Montréal,"395 000,00 $",1,1.0
Ville de Montréal,"689 000,00 $",3,1.5
Ville de Montréal,"829 000,00 $",5,3.0
Ville de Montréal,"885 000,00 $",6 chambres ou plus,3
Côte-des-Neiges / Notre-Dame-de-Grâce,"850 000,00 $",6 chambres ou plus,1
Ville de Montréal,"729 000,00 $",3,1.5
Ville de Montréal,"989 000,00 $",3,2.0
Ville de Montréal,"899 000,00 $",3,2.5
Ville de Montréal,"988 889,00 $",3,1.5
Ville de Montréal,"375 000,00 $",1,1.0
Ville de Montréal,"1 285 000,00 $",3,1.0
Ville de Montréal,"694 000,00 $",3,1.5
Ville de Montréal,"1 150 000,00 $",6 chambres ou plus,6 ou plus
Ville de Montréal,"1 300 000,00 $",5,5.0
Ville de Montréal,"1 499 999,00 $",4,2.0
Ville de Montréal,"1 360 000,00 $",3,1.0
Ville de Montréal,"850 000,00 $",3,1.0
Ville de Montréal,"2 695 000,00 $",5,2.0
Ville de Montréal,"3 000 000,00 $",0,0
Ville de Montréal,"349 900,00 $",0,0
Ville de Montréal,"100 000,00 $",0,0
Ville de Montréal,"689 000,00 $",0,0
Ville de Montréal,"375 900,00 $",0,0
Ville de Montréal,"895 000,00 $",0,0
Ville de Montréal,"999 000,00 $",0,0
Ville de Montréal,"699 000,00 $",0,0
Ville de Montréal,"649 900,00 $",0,0
Ville de Montréal,"2 850 000,00 $",0,0
Ville de Montréal,"660 000,00 $",0,0
Ville de Montréal,"865 000,00 $",0,0
Ville de Montréal,"829 000,00 $",0,0
Ville de Montréal,"1 399 000,00 $",0,0
Ville de Montréal,"799 000,00 $",0,0
Ville de Montréal,"1 799 999,00 $",0,0
Ville de Montréal,"1 598 000,00 $",0,0
Ville de Montréal,"230 000,00 $",0,0
Ville de Montréal,"770 000,00 $",0,0
Ville de Montréal,"1 229 000,00 $",0,0
Ville de Montréal,"1 048 900,00 $",0,0
Ville de Montréal,"1 178 900,00 $",0,0
Ville de Montréal,"289 000,00 $",1 chambre et salon,1.5
Ville de Montréal,"1 688 000,00 $",6 chambres ou plus,6 ou plus
Ville de Montréal,"185 000,00 $",6 chambres ou plus,4
Ville de Montréal,"660 000,00 $",2,2.0
Ville de Montréal,"725 000,00 $",2,2.0
Ville de Montréal,"950 000,00 $",2,2.0
Ville de Montréal,"229 900,00 $",3,2.0
Ville de Montréal,"999 900,00 $",4,2.0
Ville de Montréal,"975 000,00 $",3,1.0
Ville de Montréal,"710 000,00 $",6 chambres ou plus,2
Ville de Montréal,"1 025 000,00 $",6 chambres ou plus,5
Ville de Montréal,"669 000,00 $",4,1.5
Ville de Montréal,"899 000,00 $",2,2.0
Ville de Montréal,"1 077 000,00 $",6 chambres ou plus,4
Ville de Montréal,"465 310,00 $",1,1.0
Ville de Montréal,"1 160 057,00 $",2,3.0
Ville de Montréal,"590 741,00 $",2,1.0
Ville de Montréal,"1 076 575,00 $",2,3.0
Ville de Montréal,"622 805,00 $",2,1.0
Ville de Montréal,"834 967,00 $",0,0
Ville de Montréal,"1 214 220,00 $",0,0
Ville de Montréal,"1 157 758,00 $",0,0
Ville de Montréal,"834 967,00 $",0,0
Ville de Montréal,"594 788,00 $",0,0
Ville de Montréal,"1 164 656,00 $",0,0
Ville de Montréal,"904 666,00 $",0,0
Ville de Montréal,"488 575,00 $",0,0
Ville de Montréal,"469 356,00 $",0,0
Ville de Montréal,"730 334,00 $",0,0
Ville de Montréal,"679 158,00 $",0,0
Ville de Montréal,"1 272 172,00 $",0,0
Ville de Montréal,"1 155 458,00 $",0,0
Ville de Montréal,"594 866,00 $",0,0
Ville de Montréal,"394 475,00 $",0,0
Ville de Montréal,"533 057,00 $",0,0
Ville de Montréal,"622 805,00 $",0,0
Ville de Montréal,"1 176 585,00 $",0,0
Ville de Montréal,"600 857,00 $",0,0
Ville de Montréal,"515 887,00 $",0,0
Ville de Montréal,"710 104,00 $",0,0
Ville de Montréal,"1 162 357,00 $",0,0
Ville de Montréal,"289 000,00 $",1 chambre et salon,1.5
Ville de Montréal,"1 269 872,00 $",2,3.0
Ville de Montréal,"527 586,00 $",1,1.0
Ville de Montréal,"414 733,00 $",Studio,1
Ville de Montréal,"1 267 573,00 $",2,3.0
Ville de Montréal,"995 000,00 $",4,2.0
Ville de Montréal,"1 258 000,00 $",3,2.5
Ville de Montréal,Sur demande,2,1.0
Ville de Montréal,Sur demande,2,1.0
Ville de Montréal,"1 040 000,00 $",6 chambres ou plus,3
Ville de Montréal,"900 000,00 $",4,2.5
Ville de Montréal,"4 300 000,00 $",6 chambres ou plus,6 ou plus
Ville de Montréal,"700 000,00 $",3,1.0
Ville de Montréal,"1 099 000,00 $",4,2.0
Ville de Montréal,"1 398 000,00 $",4,3.5
Ville de Montréal,"1 699 000,00 $",4,1.0
Ville de Montréal,"799 000,00 $",3,3.0
Ville de Montréal,"639 900,00 $",3,2.0
Ville de Montréal,"750 000,00 $",6 chambres ou plus,4.5
Ville de Montréal,"1 248 000,00 $",0,0
Ville de Montréal,"500 000,00 $",0,0
Ville de Montréal,"950 000,00 $",0,0
Ville de Montréal,"950 000,00 $",0,0
Ville de Montréal,"550 000,00 $",0,0
Ville de Montréal,"848 000,00 $",0,0
Ville de Montréal,"679 900,00 $",0,0
Ville de Montréal,"929 000,00 $",0,0
Ville de Montréal,"995 000,00 $",0,0
Ville de Montréal,"649 500,00 $",0,0
Ville de Montréal,"649 900,00 $",0,0
Ville de Montréal,"889 000,00 $",0,0
Ville de Montréal,"978 000,00 $",0,0
Ville de Montréal,"659 000,00 $",0,0
Ville de Montréal,"750 000,00 $",0,0
Ville de Montréal,"800 000,00 $",0,0
Ville de Montréal,"1 350 000,00 $",0,0
Ville de Montréal,"895 000,00 $",0,0
Ville de Montréal,"1 147 000,00 $",0,0
Ville de Montréal,"1 300 000,00 $",0,0
Ville de Montréal,"998 800,00 $",0,0
Ville de Montréal,Sur demande,0,0
Ville de Montréal,"289 000,00 $",1 chambre et salon,1.5
Ville de Montréal,"1 095 000,00 $",5,3.5
Ville de Montréal,"1 495 000,00 $",6 chambres ou plus,6 ou plus
Ville de Montréal,"510 000,00 $",3,1.5
Ville de Montréal,"995 000,00 $",4,2.0
Ville de Montréal,"1 100 000,00 $",3,2.0
Ville de Montréal,"1 210 000,00 $",6 chambres ou plus,3
Ville de Montréal,"425 000,00 $",2,2.5
Ville de Montréal,"869 000,00 $",6 chambres ou plus,3
Ville de Montréal,"932 000,00 $",3,2.0
Ville de Montréal,"895 000,00 $",5,1.0
Ville de Montréal,"1 130 000,00 $",6 chambres ou plus,4
Ville de Montréal,"899 000,00 $",4,1.5
Ville de Montréal,"720 000,00 $",3,2.0
Ville de Montréal,"2 600 000,00 $",5,4.0
Ville de Montréal,"789 000,00 $",4,2.0
Ville de Montréal,"432 000,00 $",3,1.5
Ville de Montréal,"549 000,00 $",5,2.0
Ville de Montréal,"842 000,00 $",5,2.5
Ville de Montréal,"749 000,00 $",0,0
Ville de Montréal,"778 000,00 $",0,0
Ville de Montréal,"948 000,00 $",0,0
Ville de Montréal,"1 275 000,00 $",0,0
Ville de Montréal,"1 595 000,00 $",0,0
Ville de Montréal,"669 000,00 $",0,0
Ville de Montréal,"1 100 000,00 $",0,0
Ville de Montréal,"895 000,00 $",0,0
Ville de Montréal,"1 399 000,00 $",0,0
Ville de Montréal,"659 000,00 $",0,0
Ville de Montréal,"890 500,00 $",0,0
Ville de Montréal,"459 000,00 $",0,0
Ville de Montréal,"498 000,00 $",0,0
Ville de Montréal,"299 000,00 $",0,0
Ville de Montréal,"445 000,00 $",0,0
Ville de Montréal,"1 100 000,00 $",0,0
Ville de Montréal,"1 100 000,00 $",0,0
Ville de Montréal,"900 000,00 $",0,0
Ville de Montréal,"1 100 000,00 $",0,0
Ville de Montréal,"1 189 000,00 $",0,0
Ville de Montréal,"300 000,00 $",0,0
Ville de Montréal,"1 899 000,00 $",0,0
Ville de Montréal,"289 000,00 $",1 chambre et salon,1.5
Ville de Montréal,"374 000,00 $",3,1.0
Ville de Montréal,"289 000,00 $",Studio,1
Ville de Montréal,"8 700,00 $",2,1.0
Ville de Montréal,"750 000,00 $",3,1.5
Ville de Montréal,"825 000,00 $",4,3.0
Ville de Montréal,"810 000,00 $",1,1.0
Ville de Montréal,"1 040 000,00 $",5,3.5
Ville de Montréal,"775 000,00 $",3,2.5
Ville de Montréal,"800 000,00 $",1,2.0
Ville de Montréal,"699 000,00 $",3,2.0
Ville de Montréal,"850 000,00 $",3,1.0
Ville de Montréal,"1 258 000,00 $",6 chambres ou plus,3
Ville de Montréal,"525 000,00 $",2,1.0
Ville de Montréal,"952 000,00 $",5,4.0
Ville de Montréal,"1 650 000,00 $",2,1.0
Ville de Montréal,"534 999,00 $",3,1.5
Ville de Montréal,"599 000,00 $",3,2.0
Ville de Montréal,"749 000,00 $",4,3.0
Ville de Montréal,"1 245 000,00 $",0,0
Ville de Montréal,"895 000,00 $",0,0
Ville de Montréal,"1 100 000,00 $",0,0
Ville de Montréal,"749 000,00 $",0,0
Ville de Montréal,Sur demande,0,0
Ville de Montréal,"1 888 000,00 $",0,0
Ville de Montréal,"685 000,00 $",0,0
Ville de Montréal,"1 045 000,00 $",0,0
Ville de Montréal,"845 000,00 $",0,0
Ville de Montréal,Sur demande,0,0
Ville de Montréal,"1 350 000,00 $",0,0
Ville de Montréal,"610 000,00 $",0,0
Ville de Montréal,"650 000,00 $",0,0
Ville de Montréal,"750 000,00 $",0,0
Ville de Montréal,"970 000,00 $",0,0
Ville de Montréal,"385 000,00 $",0,0
Ville de Montréal,"325 000,00 $",0,0
Ville de Montréal,"1 195 000,00 $",0,0
Ville de Montréal,"465 000,00 $",0,0
Ville de Montréal,"299 000,00 $",0,0
Ville de Montréal,"1 000 000,00 $",0,0
Ville de Montréal,"649 000,00 $",0,0
Ville de Montréal,"289 000,00 $",1 chambre et salon,1.5
Ville de Montréal,"1 750 000,00 $",3,1.0
Ville de Montréal,"2 688 888,00 $",6 chambres ou plus,3.5
Ville de Montréal,"585 000,00 $",3,3.0
Ville de Montréal,"850 000,00 $",4,2.0
Ville de Montréal,"748 450,00 $",4,2.5
Ville de Montréal,"449 000,00 $",4,2.0
Ville de Montréal,"749 000,00 $",6 chambres ou plus,4
Ville de Montréal,"945 000,00 $",6 chambres ou plus,2
Ville de Montréal,"449 900,00 $",5,2.0
Ville de Montréal,"450 000,00 $",2,1.0
Ville de Montréal,"949 000,00 $",4,3.5
Ville de Montréal,"1 100 000,00 $",5,1.5
Ville de Montréal,"1 500 000,00 $",4,3.5
Ville de Montréal,"800 000,00 $",6 chambres ou plus,3
Ville de Montréal,"758 000,00 $",2,1.0
Ville de Montréal,"724 900,00 $",2,1.0
Ville de Montréal,"1 300 000,00 $",3,4.0
Ville de Montréal,"600 000,00 $",3,2.0
Ville de Montréal,"1 098 000,00 $",0,0
Ville de Montréal,"545 000,00 $",0,0
Ville de Montréal,"750 000,00 $",0,0
Ville de Montréal,"899 000,00 $",0,0
Ville de Montréal,"699 000,00 $",0,0
Ville de Montréal,"979 000,00 $",0,0
Ville de Montréal,"499 000,00 $",0,0
Montréal,"1 080 000,00 $",0,0
Ville de Montréal,"1 083 000,00 $",0,0
Ville de Montréal,"1 045 000,00 $",0,0
Ville de Montréal,Sur demande,0,0
Ville de Montréal,Sur demande,0,0
Ville de Montréal,"557 000,00 $",0,0
Ville de Montréal,"1 200 000,00 $",0,0
Ville de Montréal,"855 000,00 $",0,0
Ville de Montréal,"698 000,00 $",0,0
Ville de Montréal,"545 000,00 $",0,0
Ville de Montréal,"1 380 000,00 $",0,0
Ville de Montréal,"895 000,00 $",0,0
Ville de Montréal,"1 249 900,00 $",0,0
Ville de Montréal,"698 900,00 $",0,0
Ville de Montréal,"1 229 000,00 $",0,0
Ville de Montréal,"289 000,00 $",1 chambre et salon,1.5
Ville de Montréal,"1 075 000,00 $",5,3.0
Ville de Montréal,"1 075 000,00 $",5,3.0
Ville de Montréal,"259 000,00 $",5,2.0
Ville de Montréal,"375 000,00 $",4,1.0
Ville de Montréal,"1 238 000,00 $",4,2.5
Ville de Montréal,"724 900,00 $",3,1.5
Ville de Montréal,"1 250 000,00 $",6 chambres ou plus,6 ou plus
Ville de Montréal,"875 000,00 $",3,2.5
Ville de Montréal,"44 500,00 $",1 chambre et salon,1.5
Ville de Montréal,"2 500 000,00 $",4,1.0
Ville de Montréal,Sur demande,4,2.5
Ville de Montréal,"549 000,00 $",3,2.0
Ville de Montréal,"575 000,00 $",5,1.5
Ville de Montréal,"629 000,00 $",3,2.0
Ville de Montréal,"1 595 000,00 $",6 chambres ou plus,6 ou plus
Ville de Montréal,"557 000,00 $",4,2.0
Ville de Montréal,Sur demande,1,1.0
Ville de Montréal,Sur demande,6 chambres ou plus,3.5
Ville de Montréal,"799 900,00 $",0,0
Ville de Montréal,"789 000,00 $",0,0
Ville de Montréal,"33 000,00 $",0,0
Ville de Montréal,"949 000,00 $",0,0
Ville de Montréal,Sur demande,0,0
Ville de Montréal,"899 000,00 $",0,0
Ville de Montréal,Sur demande,0,0
Ville de Montréal,Sur demande,0,0
Ville de Montréal,"1 999 999,00 $",0,0
Ville de Montréal,"550 000,00 $",0,0
Ville de Montréal,"1 775 000,00 $",0,0
Ville de Montréal,Sur demande,0,0
Ville de Montréal,"999 000,00 $",0,0
Ville de Montréal,"699 000,00 $",0,0
Montréal,"495 000,00 $",0,0
Ville de Montréal,"925 000,00 $",0,0
Ville de Montréal,"478 000,00 $",0,0
Ville de Montréal,"775 000,00 $",0,0
Ville de Montréal,"379 000,00 $",0,0
Ville de Montréal,"299 000,00 $",0,0
Ville de Montréal,"1 699 000,00 $",0,0
Ville de Montréal,"780 000,00 $",0,0
Etobicoke,"$1,388,000.00",3,2.0
City of Toronto,"$1,277,777.00",4,3.5
City of Toronto,"$895,000.00",7,3.5
Toronto,Please Contact,4,3.0
Toronto,Please Contact,4,3.0
Toronto,"$799,000.00",5,2.0
Toronto,"$799,000.00",4,3.0
City of Toronto,"$4,398,000.00",7,7
City of Toronto,"$799,900.00",3,3.0
City of Toronto,"$1,049,000.00",4,3.0
City of Toronto,"$2,899,800.00",7,5.0
City of Toronto,"$2,888,000.00",3,2.0
City of Toronto,"$849,000.00",3,2.0
City of Toronto,"$3,199,000.00",7,7
City of Toronto,"$1,580,000.00",4,2.0
City of Toronto,"$4,495,000.00",4,5.0
City of Toronto,"$1,799,000.00",4,4.0
City of Toronto,"$3,980,000.00",7,7
City of Toronto,"$1,325,000.00",7,7
City of Toronto,"$1,300,000.00",0,0
City of Toronto,"$1,988,800.00",0,0
City of Toronto,"$1,994,999.00",0,0
Toronto,"$499,900.00",0,0
Oshawa,Please Contact,0,0
Toronto,"$798,000.00",0,0
Toronto,"$789,000.00",0,0
Barrie,"$2,950,000.00",0,0
Toronto,Please Contact,0,0
Toronto,"$649,900.00",0,0
Toronto,"$749,900.00",0,0
City of Toronto,"$1,000,000.00",0,0
Toronto,"$650,000.00",0,0
Toronto,"$849,999.00",0,0
Toronto,Please Contact,0,0
Toronto,"$530,000.00",0,0
Toronto,"$499,800.00",0,0
Toronto,"$629,999.00",0,0
Etobicoke,"$1,388,000.00",0,0
Toronto,Please Contact,0,0
Toronto,"$1,359,000.00",0,0
Toronto,"$1,199,000.00",0,0
Toronto,"$1,998,000.00",0,0
Pickering,"$999,000.00",0,0
City of Toronto,"$895,000.00",7,3.5
Etobicoke,"$1,388,000.00",3,2.0
City of Toronto,"$1,277,777.00",4,3.5
Toronto,"$978,000.00",2,2.0
Toronto,"$1,279,000.00",5,3.0
Toronto,"$2,198,000.00",7,4.0
Markham,Please Contact,4,4.0
East Gwillimbury,Please Contact,4,4.0
Toronto,"$1,699,900.00",5,4.0
Oshawa,Please Contact,4,3.0
Hamilton,Please Contact,4,3.0
Vaughan,Please Contact,5,4.0
Whitby,Please Contact,4,4.0
Toronto,"$2,338,990.00",5,3.0
Oshawa,"$899,900.00",3,3.0
Toronto,"$999,900.00",5,3.0
Toronto,"$899,999.00",5,2.0
Toronto,Please Contact,4,3.0
Toronto,"$1,199,000.00",7,3.0
Toronto,"$1,299,000.00",0,0
Toronto,"$999,900.00",0,0
Toronto,"$1,699,900.00",0,0
LANGLEY,"$2,200,000.00",0,0
Toronto,"$899,000.00",0,0
Toronto,"$400,000.00",0,0
Toronto,"$1,599,000.00",0,0
Toronto,"$899,999.00",0,0
Toronto,"$1,275,000.00",0,0
Toronto,"$4,800,000.00",0,0
City of Toronto,"$3,475,000.00",0,0
City of Toronto,"$1,277,777.00",0,0
City of Toronto,"$789,000.00",0,0
City of Toronto,"$1,199,900.00",0,0
City of Toronto,"$1,120,000.00",0,0
City of Toronto,"$1,999,900.00",0,0
City of Toronto,"$659,888.00",0,0
City of Toronto,"$7,590,000.00",0,0
City of Toronto,"$2,395,000.00",0,0
City of Toronto,"$1,699,000.00",0,0
City of Toronto,"$799,999.00",0,0
City of Toronto,"$489,000.00",0,0
City of Toronto,"$799,000.00",0,0
City of Toronto,"$830,000.00",0,0
City of Toronto,"$895,000.00",7,3.5
Etobicoke,"$1,388,000.00",3,2.0
City of Toronto,"$1,277,777.00",4,3.5
City of Toronto,"$549,900.00",2,2.0
City of Toronto,"$729,000.00",3,3.0
City of Toronto,"$799,900.00",3,3.0
City of Toronto,"$698,800.00",3,2.0
City of Toronto,"$699,000.00",3,3.0
City of Toronto,"$769,000.00",7,4.0
City of Toronto,"$1,500,000.00",2,2.0
City of Toronto,"$1,599,000.00",3,5.0
City of Toronto,"$1,180,000.00",3,3.0
City of Toronto,"$1,699,000.00",4,4.0
City of Toronto,Please Contact,5,3.5
City of Toronto,"$749,900.00",4,2.0
City of Toronto,"$799,999.00",3,3.0
City of Toronto,"$740,000.00",5,4.0
City of Toronto,"$989,000.00",3,3.0
City of Toronto,Please Contact,4,4.0
City of Toronto,"$999,900.00",0,0
City of Toronto,"$1,499,900.00",0,0
City of Toronto,"$1,499,999.00",0,0
City of Toronto,"$1,499,000.00",0,0
City of Toronto,"$3,788,000.00",0,0
City of Toronto,"$2,390,000.00",0,0
City of Toronto,"$899,900.00",0,0
City of Toronto,"$999,900.00",0,0
City of Toronto,"$1,599,000.00",0,0
City of Toronto,"$1,239,000.00",0,0
City of Toronto,"$899,100.00",0,0
City of Toronto,"$990,000.00",0,0
City of Toronto,"$2,390,000.00",0,0
City of Toronto,"$899,000.00",0,0
City of Toronto,"$1,199,900.00",0,0
City of Toronto,"$1,199,000.00",0,0
City of Toronto,"$3,248,000.00",0,0
City of Toronto,"$899,900.00",0,0
City of Toronto,"$960,000.00",0,0
City of Toronto,"$990,000.00",0,0
City of Toronto,"$999,900.00",0,0
City of Toronto,"$1,399,000.00",0,0
City of Toronto,"$1,648,000.00",0,0
City of Toronto,"$899,000.00",0,0
Etobicoke,"$1,388,000.00",3,2.0
City of Toronto,"$895,000.00",7,3.5
City of Toronto,"$1,277,777.00",4,3.5
City of Toronto,"$1,888,888.00",3,4.0
City of Toronto,"$3,380,000.00",5,5.0
City of Toronto,"$1,599,000.00",3,2.5
City of Toronto,"$345,900.00",3,2.5
City of Toronto,"$699,900.00",4,2.0
City of Toronto,"$1,599,000.00",2,2.0
City of Toronto,"$3,288,000.00",5,3.0
City of Toronto,"$2,280,000.00",7,4.0
City of Toronto,"$649,000.00",1,2.0
City of Toronto,"$244,900.00",5,2.0
City of Toronto,"$1,495,000.00",4,4.0
City of Toronto,"$439,000.00",2,1.0
City of Toronto,"$1,549,900.00",3,2.0
City of Toronto,"$1,980,000.00",4,3.0
City of Toronto,"$1,588,000.00",3,2.0
City of Toronto,Please Contact,4,4.0
City of Toronto,"$98,000.00",0,0
City of Toronto,"$895,000.00",0,0
City of Toronto,"$829,999.00",0,0
City of Toronto,"$1,199,900.00",0,0
City of Toronto,Please Contact,0,0
City of Toronto,"$1,689,000.00",0,0
City of Toronto,"$2,695,000.00",0,0
City of Toronto,"$739,000.00",0,0
City of Toronto,"$875,000.00",0,0
City of Toronto,"$1,999,999.00",0,0
City of Toronto,"$2,550,000.00",0,0
City of Toronto,"$1,550,000.00",0,0
City of Toronto,Please Contact,0,0
City of Toronto,"$969,000.00",0,0
City of Toronto,"$749,900.00",0,0
Toronto,"$349,900.00",0,0
City of Toronto,"$1,800,000.00",0,0
City of Toronto,"$3,100,000.00",0,0
City of Toronto,"$1,990,000.00",0,0
City of Toronto,"$1,499,000.00",0,0
City of Toronto,"$1,699,000.00",0,0
City of Toronto,Please Contact,0,0
City of Toronto,"$849,000.00",0,0
City of Toronto,Please Contact,0,0
City of Toronto,"$1,277,777.00",4,3.5
Etobicoke,"$1,388,000.00",3,2.0
City of Toronto,"$895,000.00",7,3.5
City of Toronto,"$1,495,000.00",4,4.0
City of Toronto,"$1,488,000.00",4,2.0
City of Toronto,"$1,088,000.00",4,3.0
City of Toronto,"$998,000.00",2 + Den,2
City of Toronto,"$599,000.00",3,2.0
City of Toronto,"$1,888,800.00",7,3.0
City of Toronto,"$1,475,000.00",4,4.0
City of Toronto,"$998,000.00",3,2.0
City of Toronto,"$799,000.00",2,2.0
City of Toronto,"$899,100.00",4,2.0
City of Toronto,"$1,990,000.00",4,3.0
City of Toronto,"$990,000.00",5,3.0
City of Toronto,"$3,799,000.00",7,7
City of Toronto,"$1,388,888.00",4,2.0
City of Toronto,"$1,420,000.00",4,4.0
City of Toronto,"$1,499,000.00",4,4.0
City of Toronto,"$1,850,000.00",0,0
City of Toronto,"$2,399,900.00",0,0
City of Toronto,"$1,088,000.00",0,0
City of Toronto,"$1,599,000.00",0,0
City of Toronto,"$1,780,000.00",0,0
City of Toronto,"$1,125,000.00",0,0
City of Toronto,"$3,155,000.00",0,0
City of Toronto,"$840,000.00",0,0
City of Toronto,"$1,249,900.00",0,0
City of Toronto,"$955,000.00",0,0
City of Toronto,"$955,000.00",0,0
City of Toronto,"$2,388,888.00",0,0
City of Toronto,Please Contact,0,0
City of Toronto,"$899,000.00",0,0
City of Toronto,"$7,345,000.00",0,0
City of Toronto,"$999,000.00",0,0
City of Toronto,"$767,000.00",0,0
City of Toronto,"$3,890,000.00",0,0
City of Toronto,"$5,188,000.00",0,0
City of Toronto,"$839,000.00",0,0
City of Toronto,"$1,729,000.00",0,0
City of Toronto,"$2,880,000.00",0,0
City of Toronto,"$4,195,000.00",0,0
City of Toronto,"$1,699,000.00",0,0
City of Toronto,"$1,277,777.00",4,3.5
Etobicoke,"$1,388,000.00",3,2.0
City of Toronto,"$895,000.00",7,3.5
City of Toronto,"$799,999.00",4,3.0
City of Toronto,"$1,699,000.00",3,2.0
City of Toronto,"$2,799,000.00",4,3.0
City of Toronto,"$1,349,900.00",4,3.0
City of Toronto,"$1,299,888.00",4,3.0
City of Toronto,"$3,799,000.00",7,7
City of Toronto,"$1,799,900.00",7,3.0
City of Toronto,"$1,380,000.00",3,2.0
City of Toronto,Please Contact,1,1.0
City of Toronto,Please Contact,3,1.0
City of Toronto,"$1,175,000.00",4,2.0
City of Toronto,"$147,800.00",2 + Den,1.5
City of Toronto,"$849,000.00",4,2.0
City of Toronto,"$699,000.00",2,2.0
City of Toronto,"$800,000.00",3,3.0
City of Toronto,"$799,000.00",5,2.0
City of Toronto,"$899,900.00",0,0
City of Toronto,"$799,900.00",0,0
City of Toronto,"$999,900.00",0,0
City of Toronto,"$949,900.00",0,0
City of Toronto,"$799,999.00",0,0
City of Toronto,Please Contact,0,0
City of Toronto,Please Contact,0,0
City of Toronto,"$874,000.00",0,0
City of Toronto,"$2,799,000.00",0,0
City of Toronto,"$798,000.00",0,0
City of Toronto,"$1,150,900.00",0,0
City of Toronto,"$2,700,000.00",0,0
City of Toronto,"$989,000.00",0,0
City of Toronto,"$3,799,000.00",0,0
City of Toronto,"$3,688,000.00",0,0
City of Toronto,"$1,799,900.00",0,0
City of Toronto,"$1,150,900.00",0,0
City of Toronto,"$1,089,000.00",0,0
City of Toronto,"$1,088,000.00",0,0
City of Toronto,"$998,000.00",0,0
City of Toronto,"$949,900.00",0,0
City of Toronto,"$1,650,000.00",0,0
City of Toronto,"$1,650,000.00",0,0
City of Toronto,"$2,100,000.00",0,0
City of Toronto,"$1,277,777.00",4,3.5
Etobicoke,"$1,388,000.00",3,2.0
City of Toronto,"$895,000.00",7,3.5
City of Toronto,"$1,880,000.00",7,3.0
City of Toronto,"$1,050,000.00",3,2.5
City of Toronto,Please Contact,4,4.0
City of Toronto,Please Contact,5,5.0
City of Toronto,Please Contact,1 + Den,1.5
City of Toronto,Please Contact,5,4.0
City of Toronto,"$1,288,000.00",7,3.0
City of Toronto,"$1,499,000.00",1,3.0
City of Toronto,"$2,390,000.00",7,4.0
City of Toronto,"$1,799,000.00",5,3.0
City of Toronto,"$1,250,000.00",3,1.0
City of Toronto,Please Contact,7,4.0
City of Toronto,"$1,299,990.00",3,2.0
City of Toronto,"$874,000.00",1 + Den,2
City of Toronto,"$999,000.00",3,2.0
City of Toronto,Please Contact,3,2.0
City of Toronto,"$749,000.00",0,0
City of Toronto,"$579,000.00",0,0
City of Toronto,"$449,900.00",0,0
City of Toronto,"$959,000.00",0,0
City of Toronto,"$1,104,900.00",0,0
City of Toronto,"$1,299,000.00",0,0
City of Toronto,"$1,450,000.00",0,0
City of Toronto,Please Contact,0,0
City of Toronto,"$799,800.00",0,0
City of Toronto,"$699,000.00",0,0
City of Toronto,"$1,099,900.00",0,0
City of Toronto,"$574,900.00",0,0
City of Toronto,"$58,000.00",0,0
City of Toronto,Please Contact,0,0
City of Toronto,"$1,375,000.00",0,0
City of Toronto,"$1,695,000.00",0,0
City of Toronto,"$675,000.00",0,0
City of Toronto,"$1,175,000.00",0,0
City of Toronto,"$798,000.00",0,0
City of Toronto,"$1,888,888.00",0,0
City of Toronto,Please Contact,0,0
City of Toronto,"$1,090,000.00",0,0
City of Toronto,"$1,648,000.00",0,0
City of Toronto,"$4,380,000.00",0,0
City of Toronto,"$895,000.00",7,3.5
City of Toronto,"$1,277,777.00",4,3.5
Etobicoke,"$1,388,000.00",3,2.0
City of Toronto,"$989,000.00",3,1.0
City of Toronto,"$3,799,000.00",7,7
City of Toronto,"$4,580,000.00",4,7
City of Toronto,"$1,799,900.00",7,3.0
City of Toronto,"$1,850,000.00",5,3.0
City of Toronto,"$949,000.00",3,2.0
City of Toronto,"$1,898,000.00",3,2.0
City of Toronto,"$1,098,000.00",4,3.0
City of Toronto,"$1,799,900.00",7,5.0
City of Toronto,"$1,550,000.00",4,2.0
City of Toronto,"$449,900.00",3,2.0
City of Toronto,"$999,000.00",4,2.0
City of Toronto,"$1,699,000.00",5,2.0
City of Toronto,"$979,500.00",4,4.0
City of Toronto,"$849,900.00",3,1.0
City of Toronto,"$1,150,000.00",4,4.0
City of Toronto,"$1,085,000.00",0,0
City of Toronto,"$1,050,000.00",0,0
City of Toronto,"$2,399,000.00",0,0
City of Toronto,Please Contact,0,0
City of Toronto,Please Contact,0,0
City of Toronto,"$649,000.00",0,0
City of Toronto,"$599,900.00",0,0
City of Toronto,Please Contact,0,0
City of Toronto,"$1,299,000.00",0,0
City of Toronto,"$798,000.00",0,0
City of Toronto,"$2,488,000.00",0,0
City of Toronto,"$1,399,000.00",0,0
City of Toronto,"$7,345,000.00",0,0
City of Toronto,"$2,475,000.00",0,0
City of Toronto,"$2,475,000.00",0,0
City of Toronto,"$998,000.00",0,0
City of Toronto,"$1,410,000.00",0,0
City of Toronto,"$1,390,000.00",0,0
City of Toronto,"$1,490,000.00",0,0
City of Toronto,"$899,000.00",0,0
City of Toronto,"$1,249,900.00",0,0
City of Toronto,"$1,500,000.00",0,0
City of Toronto,Please Contact,0,0
City of Toronto,"$3,099,000.00",0,0
Etobicoke,"$1,388,000.00",3,2.0
City of Toronto,"$895,000.00",7,3.5
City of Toronto,"$1,277,777.00",4,3.5
City of Toronto,"$2,899,000.00",7,7
City of Toronto,"$2,488,888.00",5,4.0
City of Toronto,"$2,469,900.00",4,5.0
City of Toronto,"$2,350,000.00",3,4.0
City of Toronto,"$2,345,000.00",3,4.0
City of Toronto,"$2,290,000.00",7,3.0
City of Toronto,"$1,888,888.00",7,3.0
City of Toronto,"$1,488,000.00",3,3.0
City of Toronto,"$1,449,900.00",3,2.0
City of Toronto,"$1,298,880.00",2,2.0
City of Toronto,"$1,298,000.00",4,3.0
City of Toronto,"$1,249,000.00",3,4.0
City of Toronto,"$650,000.00",2,1.0
City of Toronto,"$1,398,888.00",7,3.0
City of Toronto,"$1,875,000.00",3,4.0
City of Toronto,"$1,299,000.00",4,4.0
City of Toronto,"$999,900.00",0,0
City of Toronto,"$1,449,900.00",0,0
City of Toronto,"$15,000.00",0,0
City of Toronto,"$2,350,000.00",0,0
City of Toronto,"$2,388,888.00",0,0
City of Toronto,"$1,249,900.00",0,0
City of Toronto,"$899,000.00",0,0
City of Toronto,"$949,000.00",0,0
City of Toronto,"$1,090,000.00",0,0
City of Toronto,"$999,000.00",0,0
City of Toronto,"$1,648,000.00",0,0
Toronto,"$4,788,000.00",0,0
City of Toronto,"$2,380,000.00",0,0
City of Toronto,"$999,998.00",0,0
City of Toronto,"$1,299,000.00",0,0
City of Toronto,"$1,498,000.00",0,0
City of Toronto,"$950,000.00",0,0
City of Toronto,"$990,000.00",0,0
City of Toronto,"$1,449,900.00",0,0
City of Toronto,"$2,088,888.00",0,0
City of Toronto,"$3,399,000.00",0,0
City of Toronto,"$2,350,000.00",0,0
City of Toronto,"$1,750,000.00",0,0
City of Toronto,"$650,000.00",0,0
Etobicoke,"$1,388,000.00",3,2.0
City of Toronto,"$895,000.00",7,3.5
City of Toronto,"$1,277,777.00",4,3.5
City of Toronto,"$650,000.00",2,1.0
City of Toronto,"$1,875,000.00",4,4.0
City of Toronto,"$695,000.00",7,5.0
City of Toronto,"$1,500,000.00",7,3.0
City of Toronto,"$700,000.00",3,2.0
City of Toronto,"$949,900.00",3,4.0
City of Toronto,"$799,900.00",3,2.0
City of Toronto,Please Contact,7,3.0
City of Toronto,"$990,000.00",3,2.0
City of Toronto,"$1,330,000.00",5,4.0
City of Toronto,"$849,000.00",3,3.0
City of Toronto,"$1,675,000.00",4,4.0
City of Toronto,"$1,649,900.00",3,2.0
City of Toronto,"$3,699,000.00",2,4.0
City of Toronto,"$1,899,000.00",2,5.0
City of Toronto,"$3,162,500.00",7,7
City of Toronto,"$3,162,500.00",0,0
City of Toronto,"$1,848,888.00",0,0
City of Toronto,"$1,299,900.00",0,0
City of Toronto,"$1,599,000.00",0,0
City of Toronto,"$998,000.00",0,0
City of Toronto,Please Contact,0,0
City of Toronto,"$1,999,999.00",0,0
City of Toronto,"$1,999,900.00",0,0
City of Toronto,"$949,900.00",0,0
City of Toronto,Please Contact,0,0
City of Toronto,"$1,680,000.00",0,0
City of Toronto,"$3,350,000.00",0,0
City of Toronto,"$2,350,000.00",0,0
City of Toronto,"$1,449,900.00",0,0
City of Toronto,"$539,000.00",0,0
City of Toronto,"$999,900.00",0,0
City of Toronto,Please Contact,0,0
City of Toronto,"$3,155,000.00",0,0
City of Toronto,"$1,449,900.00",0,0
City of Toronto,"$899,000.00",0,0
City of Toronto,"$700,000.00",0,0
City of Toronto,Please Contact,0,0
City of Toronto,"$2,350,000.00",0,0
City of Toronto,"$2,388,888.00",0,0
Vancouver,Please Contact,3,2.0
Vancouver,Please Contact,3,2.0
Vancouver,"$3,149,000.00",7,7
Vancouver,"$738,888.00",1,1.0
Vancouver,"$7,288,000.00",7,7
Vancouver,"$1,188,000.00",2,2.0
Vancouver,"$719,000.00",1,1.0
Vancouver,"$5,280,000.00",3,3.0
Vancouver,"$3,250,000.00",2,3.0
Vancouver,"$849,000.00",1,1.0
Vancouver,"$5,188,000.00",4,3.0
Vancouver,"$3,300,000.00",5,4.0
Vancouver,"$569,000.00",1,1.0
Vancouver,"$1,699,900.00",2,3.0
Vancouver,"$3,849,900.00",3,3.0
Vancouver,"$2,199,900.00",2,3.0
Vancouver,"$2,399,900.00",2,3.0
Vancouver,"$1,679,900.00",2,3.0
Vancouver,"$5,500,000.00",7,4.0
Vancouver,"$1,098,000.00",0,0
Vancouver,"$1,999,999.00",0,0
Vancouver,"$2,388,800.00",0,0
Vancouver,"$868,800.00",0,0
Vancouver,"$505,000.00",0,0
Vancouver,"$658,000.00",0,0
Vancouver,"$2,200,000.00",0,0
Vancouver,"$799,000.00",0,0
Vancouver,"$2,698,000.00",0,0
Vancouver,"$719,000.00",0,0
Vancouver,"$1,690,000.00",0,0
Vancouver,"$948,000.00",0,0
Vancouver,"$995,000.00",0,0
Vancouver,"$625,000.00",0,0
Vancouver,"$948,000.00",0,0
Vancouver,"$899,000.00",0,0
Vancouver,"$798,000.00",0,0
Vancouver,"$3,250,000.00",0,0
Vancouver,"$479,000.00",0,0
Vancouver,"$3,480,000.00",0,0
Vancouver,"$1,398,000.00",0,0
Vancouver,"$5,188,000.00",0,0
Vancouver,Please Contact,3,2.0
Vancouver,"$389,000.00",1,1.0
Vancouver,"$3,488,000.00",7,7
Vancouver,"$3,100,000.00",2,3.0
Vancouver,"$4,670,000.00",7,7
Vancouver,"$200,000.00",4,2.0
Vancouver,"$4,750,000.00",3,4.0
Vancouver,"$5,198,000.00",2,3.0
Vancouver,"$638,000.00",1,1.0
Vancouver,"$4,500,000.00",7,3.0
Vancouver,"$1,998,000.00",7,3.0
Vancouver,"$1,499,000.00",2,2.0
Vancouver,"$3,180,000.00",5,3.0
Vancouver,"$8,000,000.00",4,3.0
Vancouver,"$4,380,000.00",4,2.0
Vancouver,"$958,000.00",1,1.0
Vancouver,"$1,920,000.00",3,4.0
Vancouver,"$698,000.00",2,2.0
Vancouver,"$729,900.00",3,2.0
Vancouver,"$798,000.00",0,0
Vancouver,"$4,998,000.00",0,0
Vancouver,"$544,900.00",0,0
Vancouver,"$1,280,000.00",0,0
Vancouver,"$828,000.00",0,0
Vancouver,"$2,999,900.00",0,0
Vancouver,"$3,288,000.00",0,0
Vancouver,"$4,988,800.00",0,0
Vancouver,"$5,464,800.00",0,0
Vancouver,"$599,988.00",0,0
Vancouver,"$495,000.00",0,0
Vancouver,"$3,388,000.00",0,0
Vancouver,"$4,680,000.00",0,0
Vancouver,"$1,380,000.00",0,0
Vancouver,"$1,479,000.00",0,0
Vancouver,"$849,800.00",0,0
Vancouver,"$3,780,000.00",0,0
Vancouver,"$649,900.00",0,0
Vancouver,"$1,088,000.00",0,0
Vancouver,"$649,000.00",0,0
Vancouver,"$659,900.00",0,0
Vancouver,"$1,688,000.00",0,0
Vancouver,Please Contact,3,2.0
Vancouver,"$758,000.00",2,1.0
Vancouver,"$1,388,000.00",2,2.0
Vancouver,"$998,000.00",2,2.0
Vancouver,"$5,188,000.00",7,7
Vancouver,"$2,888,000.00",5,3.0
Vancouver,"$2,888,000.00",7,3.0
Vancouver,"$189,000.00",2,2.0
Vancouver,"$749,000.00",2,1.0
Vancouver,"$1,498,000.00",3,2.0
Vancouver,"$898,000.00",1,1.0
Vancouver,"$828,000.00",1,1.0
Vancouver,"$1,480,000.00",5,2.0
Vancouver,"$429,000.00",1,1.0
Vancouver,"$3,288,000.00",5,4.0
Vancouver,"$3,000,000.00",3,2.0
Vancouver,"$3,000,000.00",4,2.0
Vancouver,"$3,000,000.00",5,4.0
Vancouver,"$3,000,000.00",5,4.0
Vancouver,"$759,000.00",0,0
Vancouver,"$739,000.00",0,0
Vancouver,"$599,000.00",0,0
Vancouver,"$3,850,000.00",0,0
Vancouver,"$639,000.00",0,0
Vancouver,"$925,000.00",0,0
Vancouver,"$4,999,000.00",0,0
Vancouver,"$749,000.00",0,0
Vancouver,"$1,688,000.00",0,0
Vancouver,"$529,900.00",0,0
Vancouver,"$648,800.00",0,0
Vancouver,"$839,000.00",0,0
Vancouver,"$1,599,900.00",0,0
Vancouver,"$828,000.00",0,0
Vancouver,"$738,900.00",0,0
Vancouver,"$1,050,000.00",0,0
Vancouver,"$780,000.00",0,0
Vancouver,"$299,000.00",0,0
Vancouver,"$1,295,000.00",0,0
Vancouver,"$2,399,999.00",0,0
Vancouver,"$899,000.00",0,0
Vancouver,"$899,000.00",0,0
Vancouver,Please Contact,3,2.0
Vancouver,"$1,198,000.00",2,2.0
Vancouver,"$1,219,000.00",2,2.0
Vancouver,"$8,680,000.00",7,7
Vancouver,"$1,750,000.00",2,2.0
Vancouver,"$2,680,000.00",2,3.0
Vancouver,"$1,980,000.00",3,3.0
Vancouver,"$9,680,000.00",5,7
Vancouver,"$2,368,000.00",7,5.0
Vancouver,"$4,198,000.00",5,7
Vancouver,"$3,100,000.00",3,3.0
Vancouver,"$728,000.00",1,1.0
Vancouver,"$1,898,000.00",2,2.0
Vancouver,"$1,679,000.00",7,3.0
Vancouver,"$799,800.00",2,2.0
Vancouver,"$5,688,000.00",3,2.0
Vancouver,"$1,199,000.00",2,2.0
Vancouver,"$7,388,000.00",7,7
Vancouver,"$1,499,000.00",5,3.0
Vancouver,"$1,738,000.00",0,0
Vancouver,"$888,000.00",0,0
Vancouver,"$2,398,000.00",0,0
Vancouver,"$949,900.00",0,0
Vancouver,"$800,000.00",0,0
Vancouver,"$650,000.00",0,0
Vancouver,"$1,249,900.00",0,0
Vancouver,"$788,000.00",0,0
Vancouver,"$1,075,000.00",0,0
Vancouver,"$1,599,000.00",0,0
Vancouver,"$2,218,000.00",0,0
Vancouver,"$1,190,000.00",0,0
Vancouver,"$1,390,000.00",0,0
Vancouver,"$724,900.00",0,0
Vancouver,"$1,138,000.00",0,0
Vancouver,"$2,280,000.00",0,0
Vancouver,"$1,149,000.00",0,0
Vancouver,"$985,000.00",0,0
Vancouver,"$899,000.00",0,0
Vancouver,"$3,698,000.00",0,0
Vancouver,"$649,000.00",0,0
Vancouver,"$599,000.00",0,0
Vancouver,Please Contact,3,2.0
Vancouver,"$2,399,900.00",2,3.0
Vancouver,"$1,799,800.00",2,2.0
Vancouver,"$1,299,900.00",2,3.0
Vancouver,"$1,588,888.00",3,4.0
Vancouver,"$1,288,000.00",2,2.0
Vancouver,"$1,288,000.00",1,1.0
Vancouver,"$1,688,000.00",3,4.0
Vancouver,"$599,900.00",1,1.0
Vancouver,"$1,699,800.00",5,3.0
Vancouver,"$599,900.00",2,2.0
Vancouver,"$1,558,888.00",3,4.0
Vancouver,"$2,999,800.00",3,3.0
Vancouver,"$1,249,900.00",2,2.0
Vancouver,"$1,399,900.00",2,2.0
Vancouver,"$3,480,000.00",5,4.0
Vancouver,"$674,900.00",1,1.0
Vancouver,"$1,200,000.00",2,2.0
Vancouver,"$1,190,000.00",1,2.0
Vancouver,"$6,990,000.00",0,0
Vancouver,"$670,000.00",0,0
Vancouver,"$5,999,999.00",0,0
Vancouver,"$1,880,000.00",0,0
Vancouver,"$629,999.00",0,0
Vancouver,"$9,880,000.00",0,0
Vancouver,"$1,959,000.00",0,0
Vancouver,"$2,180,000.00",0,0
Vancouver,"$1,898,000.00",0,0
Vancouver,"$3,299,000.00",0,0
Vancouver,"$2,300,000.00",0,0
Vancouver,"$2,500,000.00",0,0
Vancouver,"$4,999,000.00",0,0
Vancouver,"$2,288,000.00",0,0
Vancouver,"$229,888.00",0,0
Vancouver,"$1,499,000.00",0,0
Vancouver,"$2,429,000.00",0,0
Vancouver,"$884,000.00",0,0
Vancouver,"$899,000.00",0,0
Vancouver,"$5,180,000.00",0,0
Vancouver,"$1,499,900.00",0,0
Vancouver,"$1,349,900.00",0,0
Vancouver,Please Contact,3,2.0
Vancouver,"$649,000.00",1,1.0
Vancouver,"$7,380,000.00",5,7
Vancouver,"$2,220,000.00",2,2.0
Vancouver,"$2,499,990.00",7,5.0
Vancouver,Please Contact,7,7
Vancouver,"$1,599,000.00",4,2.0
Vancouver,"$1,998,000.00",7,2.0
Vancouver,"$768,800.00",2,2.0
Vancouver,"$3,000,000.00",7,4.0
Vancouver,"$2,349,900.00",2,3.0
Vancouver,"$2,680,000.00",7,7
Vancouver,"$599,900.00",1,1.0
Vancouver,"$830,000.00",1,1.0
Vancouver,"$1,230,000.00",3,3.0
Vancouver,"$3,180,000.00",7,7
Vancouver,"$1,399,000.00",2,2.0
Vancouver,"$1,499,000.00",3,2.0
Vancouver,"$2,380,000.00",4,5.0
Vancouver,"$899,000.00",0,0
Vancouver,"$775,000.00",0,0
Vancouver,"$4,950,000.00",0,0
Vancouver,"$559,000.00",0,0
Vancouver,"$4,480,000.00",0,0
Vancouver,"$765,000.00",0,0
Vancouver,"$729,900.00",0,0
Vancouver,"$849,900.00",0,0
Vancouver,"$1,399,900.00",0,0
Vancouver,"$1,499,000.00",0,0
Vancouver,"$1,599,000.00",0,0
Vancouver,"$1,168,000.00",0,0
Vancouver,"$1,549,800.00",0,0
Vancouver,"$559,000.00",0,0
Vancouver,"$2,188,000.00",0,0
Vancouver,"$589,000.00",0,0
Vancouver,"$1,149,000.00",0,0
Vancouver,"$499,900.00",0,0
Vancouver,"$3,958,000.00",0,0
Vancouver,"$599,000.00",0,0
Vancouver,"$724,900.00",0,0
Vancouver,"$2,500,000.00",0,0
Vancouver,Please Contact,3,2.0
Vancouver,"$445,000.00",2,1.0
Vancouver,"$5,380,000.00",7,7
Vancouver,"$3,000,000.00",7,2.0
Vancouver,"$2,888,000.00",7,3.0
Vancouver,"$3,998,000.00",3,2.0
Vancouver,"$1,998,000.00",3,3.0
Vancouver,"$617,900.00",3,2.0
Vancouver,"$650,000.00",1,1.0
Vancouver,"$599,900.00",1,1.0
Vancouver,"$7,990,000.00",5,7
Vancouver,"$599,000.00",1,1.0
Vancouver,"$3,800,000.00",7,2.0
Vancouver,"$3,600,000.00",3,2.0
Vancouver,"$2,099,900.00",3,3.0
Vancouver,"$1,699,000.00",5,2.0
Vancouver,"$3,998,000.00",3,3.0
Vancouver,"$899,000.00",1,1.0
Vancouver,"$1,489,000.00",2,3.0
Vancouver,"$1,600,000.00",0,0
Vancouver,"$6,280,000.00",0,0
Vancouver,"$4,299,000.00",0,0
Vancouver,"$3,300,000.00",0,0
Vancouver,"$4,000,000.00",0,0
Vancouver,"$4,890,000.00",0,0
Vancouver,"$3,399,000.00",0,0
Vancouver,"$3,000,000.00",0,0
Vancouver,"$1,188,000.00",0,0
Vancouver,"$9,980,000.00",0,0
Vancouver,"$1,388,000.00",0,0
Vancouver,"$4,999,999.00",0,0
Vancouver,"$1,398,000.00",0,0
Vancouver,"$749,000.00",0,0
Vancouver,"$2,800,000.00",0,0
Vancouver,"$1,049,900.00",0,0
Vancouver,"$3,498,000.00",0,0
Vancouver,"$3,990,000.00",0,0
Vancouver,"$4,298,000.00",0,0
Vancouver,"$3,000,000.00",0,0
Vancouver,"$898,000.00",0,0
Vancouver,"$2,300,000.00",0,0
Vancouver,Please Contact,3,2.0
Vancouver,"$2,500,000.00",7,3.0
Vancouver,"$5,790,000.00",3,4.0
Vancouver,"$3,590,000.00",7,7
Vancouver,"$678,000.00",1,1.0
Vancouver,"$3,590,000.00",5,5.0
Vancouver,"$3,800,000.00",2,3.0
Vancouver,"$1,898,000.00",3,3.0
Vancouver,"$710,000.00",2,1.0
Vancouver,"$1,548,000.00",2,2.0
Vancouver,"$2,190,000.00",3,3.0
Vancouver,"$1,288,000.00",2,3.0
Vancouver,"$2,228,000.00",3,3.0
Vancouver,"$1,068,000.00",1,2.0
Vancouver,"$1,298,800.00",2,2.0
Vancouver,"$5,280,000.00",7,7
Vancouver,"$1,038,000.00",3,2.0
Vancouver,"$599,000.00",1,1.0
Vancouver,"$2,438,000.00",3,4.0
Vancouver,"$5,498,000.00",0,0
Vancouver,"$2,288,000.00",0,0
Vancouver,"$2,288,000.00",0,0
Vancouver,"$5,488,000.00",0,0
Vancouver,"$4,748,000.00",0,0
Vancouver,"$5,770,000.00",0,0
Vancouver,"$6,977,000.00",0,0
Vancouver,"$2,200,000.00",0,0
Vancouver,"$5,980,000.00",0,0
Vancouver,"$5,399,888.00",0,0
Vancouver,"$5,750,000.00",0,0
Vancouver,"$3,888,000.00",0,0
Vancouver,"$5,500,000.00",0,0
Vancouver,"$6,977,000.00",0,0
Vancouver,"$2,598,800.00",0,0
Vancouver,"$1,780,000.00",0,0
Vancouver,"$2,345,000.00",0,0
Vancouver,"$1,918,800.00",0,0
Vancouver,"$1,125,000.00",0,0
Vancouver,"$689,000.00",0,0
Vancouver,"$788,900.00",0,0
Vancouver,"$1,299,900.00",0,0
Vancouver,Please Contact,3,2.0
Vancouver,"$1,295,900.00",7,7
Vancouver,"$369,000.00",1,1.0
Vancouver,"$1,050,000.00",2,2.0
Vancouver,"$898,000.00",2,2.0
Vancouver,"$799,000.00",2,2.0
Vancouver,"$1,588,888.00",5,4.0
Vancouver,"$628,800.00",1,1.0
Vancouver,"$2,649,000.00",3,3.0
Vancouver,"$1,448,000.00",2,2.0
Vancouver,"$3,480,000.00",3,1.0
Vancouver,"$1,150,000.00",2,2.0
Vancouver,"$858,800.00",2,2.0
Vancouver,"$769,000.00",1,1.0
Vancouver,"$1,980,000.00",2,2.0
Vancouver,"$723,000.00",2,2.0
Vancouver,"$1,050,000.00",2,2.0
Vancouver,"$2,088,888.00",3,3.0
Vancouver,"$2,200,000.00",5,3.0
Vancouver,"$888,000.00",0,0
Vancouver,"$6,880,000.00",0,0
Vancouver,"$5,768,000.00",0,0
Vancouver,"$1,980,000.00",0,0
Vancouver,"$1,880,000.00",0,0
Vancouver,"$2,600,000.00",0,0
Vancouver,"$4,389,000.00",0,0
Vancouver,"$1,299,000.00",0,0
Vancouver,"$6,780,000.00",0,0
Vancouver,"$2,998,000.00",0,0
Vancouver,"$1,890,000.00",0,0
Vancouver,"$929,900.00",0,0
Vancouver,"$4,780,000.00",0,0
Vancouver,"$2,890,000.00",0,0
Vancouver,"$1,899,999.00",0,0
Vancouver,"$4,180,000.00",0,0
Vancouver,"$290,000.00",0,0
Vancouver,"$2,888,000.00",0,0
Vancouver,"$4,988,000.00",0,0
Vancouver,"$4,400,000.00",0,0
Vancouver,"$2,985,000.00",0,0
Vancouver,"$3,035,000.00",0,0
Vancouver,Please Contact,3,2.0
Vancouver,"$2,290,000.00",3,2.0
Vancouver,"$754,800.00",1,1.0
Vancouver,"$2,300,000.00",7,4.0
Vancouver,"$2,790,000.00",3,2.0
Vancouver,"$5,750,000.00",7,3.0
Vancouver,"$5,750,000.00",2,1.0
Vancouver,"$1,629,900.00",2,2.0
Vancouver,"$998,000.00",7,4.0
Vancouver,"$1,855,000.00",5,4.0
Vancouver,"$1,899,000.00",3,5.0
Vancouver,"$406,200.00",1,1.0
Vancouver,"$998,000.00",1,1.0
Vancouver,"$2,498,000.00",3,3.0
Vancouver,"$2,688,000.00",2,2.0
Vancouver,"$4,300,000.00",7,5.0
Vancouver,"$999,000.00",2,1.0
Vancouver,"$2,888,000.00",5,2.0
Vancouver,"$2,850,000.00",3,2.0
Vancouver,"$825,000.00",0,0
Vancouver,"$849,900.00",0,0
Vancouver,"$899,000.00",0,0
Vancouver,"$3,388,800.00",0,0
Vancouver,"$4,698,000.00",0,0
Vancouver,"$849,000.00",0,0
Vancouver,"$2,600,000.00",0,0
Vancouver,"$197,000.00",0,0
Vancouver,"$789,000.00",0,0
Vancouver,"$1,999,000.00",0,0
Vancouver,"$639,000.00",0,0
Vancouver,"$1,649,000.00",0,0
Vancouver,"$2,129,000.00",0,0
Vancouver,"$1,659,000.00",0,0
Vancouver,"$2,498,000.00",0,0
Vancouver,"$239,000.00",0,0
Vancouver,"$8,998,000.00",0,0
Vancouver,"$2,199,000.00",0,0
Vancouver,"$1,778,000.00",0,0
Vancouver,"$689,000.00",0,0
Vancouver,"$95,999.00",0,0
Vancouver,"$349,900.00",0,0
